{"version":"0.4","title":"n 7","type":"page","content":[{"id":"2ed56a0f","settings":[],"elements":[{"id":"6f012868","settings":{"_column_size":100},"elements":[{"id":"2df67264","settings":{"editor":"<!-- wp:heading {\"level\":3} -->\n<h3>Campus Colleges<\/h3>\n<!-- \/wp:heading -->\n\n<!-- wp:list -->\n<ul><li>HYDERABAD<\/li><\/ul>\n<!-- \/wp:list -->\n\n<!-- wp:image {\"linkDestination\":\"custom\"} -->\n<figure class=\"wp-block-image\"><a href=\"http:\/\/arts.osmania.ac.in\/\" target=\"_blank\" rel=\"noreferrer noopener\"><img src=\"https:\/\/www.osmania.ac.in\/images\/ou-arts.jpg\" alt=\" \"\/><\/a><\/figure>\n<!-- \/wp:image -->\n\n<!-- wp:paragraph -->\n<p><a href=\"http:\/\/arts.osmania.ac.in\/\" target=\"_blank\" rel=\"noreferrer noopener\">UNIV. COLLEGE OF ARTS &amp; SOCIAL SCIENCES<\/a>The Arts College was inaugurated on August 28, 1919. It was temporarily housed in eight rented buildings in Gunfoundry area with 25 teachers and 225 students in the Interm ediate...<\/p>\n<!-- \/wp:paragraph -->\n\n<!-- wp:heading -->\n<h2>BANGLORE<\/h2>\n<!-- \/wp:heading -->\n\n<!-- wp:image {\"linkDestination\":\"custom\"} -->\n<figure class=\"wp-block-image\"><a href=\"http:\/\/www.uceou.edu\/\" target=\"_blank\" rel=\"noreferrer noopener\"><img src=\"https:\/\/www.osmania.ac.in\/images\/ou-engg.jpg\" alt=\"Fazen mipa nace rumas \"\/><\/a><\/figure>\n<!-- \/wp:image -->\n\n<!-- wp:paragraph -->\n<p><a href=\"http:\/\/www.uceou.edu\/\" target=\"_blank\" rel=\"noreferrer noopener\">SRANK UNIVERSITY <\/a>The University College of Engineering (UCE) has the distinction of being the oldest and the biggest among the Engineering Colleges of the combined State of KARNATAKA<\/p>\n<!-- \/wp:paragraph -->\n\n<!-- wp:heading -->\n<h2>CHENNAI<\/h2>\n<!-- \/wp:heading -->\n\n<!-- wp:image {\"linkDestination\":\"custom\"} -->\n<figure class=\"wp-block-image\"><a href=\"http:\/\/www.ouct.ac.in\/\" target=\"_blank\" rel=\"noreferrer noopener\"><img src=\"https:\/\/www.osmania.ac.in\/images\/ou-tech.jpg\" alt=\"Sazen mipan guka muten \"\/><\/a><\/figure>\n<!-- \/wp:image -->\n\n<!-- wp:paragraph -->\n<p>SRANK <a href=\"http:\/\/www.ouct.ac.in\/\" target=\"_blank\" rel=\"noreferrer noopener\">UNIVERSITY <\/a>The University College of Technology is one of the premier and the oldest colleges offering Chemical Engineering and Chemical Technology education in the country.<\/p>\n<!-- \/wp:paragraph -->"},"elements":[],"isInner":false,"widgetType":"text-editor","elType":"widget"}],"isInner":false,"elType":"column"}],"isInner":false,"elType":"section"}]}