{"version":"0.4","title":"n 8","type":"page","content":[{"id":"54d3f254","settings":[],"elements":[{"id":"3a6d97a3","settings":{"_column_size":100},"elements":[{"id":"2942478","settings":{"editor":"<!-- wp:paragraph -->\n<p>As young as the year is, 2021 has a lot of potential.<\/p>\n<!-- \/wp:paragraph -->\n\n<!-- wp:paragraph -->\n<p>That \u201cfresh-start\u201d feeling at the beginning of every year may be short lived for some, but it can give us the boost we need to start something new, including this blog!<\/p>\n<!-- \/wp:paragraph -->\n\n<!-- wp:paragraph -->\n<p>You may be a parent, an educator, or simply a member of our local community in search of new ideas, but regardless the reason, we\u2019re happy to have you with us and we look forward to hearing from you! (We welcome your comments below!) Our Little Sprouts blog will be a place where we share helpful insights and a handful of topics related to childcare and our community.<\/p>\n<!-- \/wp:paragraph -->\n\n<!-- wp:paragraph -->\n<p>Before fully embarking on our journey into 2021, we\u2019d like to share a few things our little ones have taught us this past year, what we\u2019ve decided to keep and toss from 2020, and how to get ready for new memories!<a href=\"https:\/\/www.littlesprouts.co\/blog-page-main\/2020\/12\/9\/sensory-activities\">Read More<\/a>DECEMBER 9, 2020<\/p>\n<!-- \/wp:paragraph -->\n\n<!-- wp:paragraph -->\n<p><strong>2. Imitate the \u201cJoy-Finding-Experts\u201d<\/strong><br>Despite unexpected changes and shifts, another thing we admire about children is their ability to find joy, and not just when they choose to, but as it comes:<\/p>\n<!-- \/wp:paragraph -->\n\n<!-- wp:list -->\n<ul><li>The giant leaf they found outside? Amazing!<\/li><li>A cotton-candy sunset? Sweet.<\/li><li>The fairy drawing that looks more like a shark? Even better.<\/li><\/ul>\n<!-- \/wp:list -->\n\n<!-- wp:paragraph -->\n<p>These little humans enjoy the little things, and that alone gives us joy-not to mention the inspiration to keep our own imaginations alive and well.<\/p>\n<!-- \/wp:paragraph -->\n\n<!-- wp:paragraph -->\n<p><strong>3. Keep Your Discoveries<\/strong><\/p>\n<!-- \/wp:paragraph -->\n\n<!-- wp:paragraph -->\n<p>Although there are many things we wish we could leave behind in 2020, holding onto what helped us get through is a must. Perhaps this is a special memory you shared during quarantine or a new project or hobby.<\/p>\n<!-- \/wp:paragraph -->\n\n<!-- wp:paragraph -->\n<p>Little did we know these \u201cjoyful distractions\u201d would become a new facet of our life, helping to loosen the pandemic\u2019s grip on our minds. Going outside more, finding hidden gems in our own neighborhoods, and connecting with friends have become a way of life, keeping us safe and satisfied.<\/p>\n<!-- \/wp:paragraph -->\n\n<!-- wp:paragraph -->\n<p>All of this has kept the momentum going and its good practice for what\u2019s to come, with or without a pandemic in the picture.<\/p>\n<!-- \/wp:paragraph -->\n\n<!-- wp:paragraph -->\n<p><strong>Before You Go\u2026<\/strong><\/p>\n<!-- \/wp:paragraph -->\n\n<!-- wp:paragraph -->\n<p>Though 2020 felt like a class we didn\u2019t intend to sign up for, we definitely learned some important lessons that we can apply now and in the future!<\/p>\n<!-- \/wp:paragraph -->\n\n<!-- wp:paragraph -->\n<p>We can do our best to imitate the way children grow no matter the circumstances, find daily reasons for joy, and recall the good memories with a healthy anticipation for new ones.\u2018Till we meet again, here\u2019s a few things to munch on:<\/p>\n<!-- \/wp:paragraph -->\n\n<!-- wp:list -->\n<ul><li>What things did you gain in the past year that you\u2019re bringing into 2021?<\/li><li>What do you admire most about children during difficult times?<\/li><li>What good memories will you hold onto?<\/li><\/ul>\n<!-- \/wp:list -->\n\n<!-- wp:paragraph -->\n<p><\/p>\n<!-- \/wp:paragraph -->"},"elements":[],"isInner":false,"widgetType":"text-editor","elType":"widget"}],"isInner":false,"elType":"column"}],"isInner":false,"elType":"section"},{"id":"424b942d","settings":[],"elements":[{"id":"639fc10a","settings":{"_column_size":100,"_inline_size":null},"elements":[{"id":"52beeae","settings":{"social_icon_list":[{"social_icon":{"value":"fab fa-facebook","library":"fa-brands"},"_id":"a99c894"},{"social_icon":{"value":"fab fa-twitter","library":"fa-brands"},"_id":"85ab6b8"},{"social_icon":{"value":"fab fa-youtube","library":"fa-brands"},"_id":"c8e0a9c"}],"shape":"circle","icon_size":{"unit":"px","size":24,"sizes":[]},"icon_padding":{"unit":"em","size":0.5,"sizes":[]},"icon_spacing":{"unit":"px","size":21,"sizes":[]},"row_gap":{"unit":"px","size":21,"sizes":[]},"_animation":"fadeInDown"},"elements":[],"isInner":false,"widgetType":"social-icons","elType":"widget"}],"isInner":false,"elType":"column"}],"isInner":false,"elType":"section"}]}